Id;Username;City;EMail;Birthday
1;User001;Fürth;User001pskurs.local;01.05.1960
2;User002;Jena;User002pskurs.local;03.11.1986
3;User003;Oldenburg (Oldb);User003pskurs.local;15.02.1966
4;User004;Stuttgart;User004pskurs.local;15.01.1979
5;User005;Bielefeld;User005pskurs.local;08.09.1986
6;User006;Essen;User006pskurs.local;13.08.1973
7;User007;Nürnberg;User007pskurs.local;13.05.1977
8;User008;Ingolstadt;User008pskurs.local;15.03.1985
9;User009;Mainz;User009pskurs.local;06.05.1968
10;User010;Darmstadt;User010pskurs.local;19.02.1965
11;User011;Hannover;User011pskurs.local;22.07.1962
12;User012;Oldenburg (Oldb);User012pskurs.local;14.04.1980
13;User013;Stuttgart;User013pskurs.local;19.07.1968
14;User014;Gelsenkirchen;User014pskurs.local;15.06.1960
15;User015;Göttingen;User015pskurs.local;07.04.1973
16;User016;Koblenz;User016pskurs.local;15.08.1974
17;User017;Bochum;User017pskurs.local;02.11.1975
18;User018;Cottbus;User018pskurs.local;15.10.1983
19;User019;Bielefeld;User019pskurs.local;21.08.1961
20;User020;Bremen;User020pskurs.local;05.11.1977
21;User021;Recklinghausen;User021pskurs.local;14.12.1971
22;User022;Oberhausen;User022pskurs.local;27.02.1963
23;User023;Braunschweig;User023pskurs.local;26.03.1964
24;User024;Krefeld;User024pskurs.local;25.09.1961
25;User025;Freiburg im Breisgau;User025pskurs.local;11.07.1989
26;User026;Oldenburg (Oldb);User026pskurs.local;22.05.1986
27;User027;Remscheid;User027pskurs.local;17.03.1989
28;User028;Bielefeld;User028pskurs.local;17.04.1968
29;User029;Remscheid;User029pskurs.local;28.12.1969
30;User030;Oldenburg (Oldb);User030pskurs.local;09.06.1978
31;User031;Düsseldorf;User031pskurs.local;31.12.1984
32;User032;Reutlingen;User032pskurs.local;30.09.1965
33;User033;Moers;User033pskurs.local;20.05.1983
34;User034;Göttingen;User034pskurs.local;04.06.1990
35;User035;Hannover;User035pskurs.local;08.07.1978
36;User036;Köln;User036pskurs.local;08.08.1975
37;User037;Karlsruhe;User037pskurs.local;25.02.1987
38;User038;Berlin;User038pskurs.local;20.02.1966
39;User039;Reutlingen;User039pskurs.local;30.03.1973
40;User040;Kiel;User040pskurs.local;16.06.1985
41;User041;Darmstadt;User041pskurs.local;04.04.1971
42;User042;Bottrop;User042pskurs.local;26.12.1990
43;User043;Göttingen;User043pskurs.local;25.10.1968
44;User044;Kassel;User044pskurs.local;12.05.1962
45;User045;Darmstadt;User045pskurs.local;23.07.1979
46;User046;Ulm;User046pskurs.local;29.03.1963
47;User047;Dortmund;User047pskurs.local;16.04.1990
48;User048;Herne;User048pskurs.local;07.06.1974
49;User049;Paderborn;User049pskurs.local;06.09.1968
50;User050;Dresden;User050pskurs.local;08.01.1986
51;User051;Wolfsburg;User051pskurs.local;05.06.1987
52;User052;Heilbronn;User052pskurs.local;10.01.1977
53;User053;Offenbach am Main;User053pskurs.local;23.06.1981
54;User054;Remscheid;User054pskurs.local;15.01.1988
55;User055;Bochum;User055pskurs.local;09.05.1984
56;User056;München;User056pskurs.local;04.05.1978
57;User057;Göttingen;User057pskurs.local;01.06.1977
58;User058;Bremer­haven;User058pskurs.local;24.10.1967
59;User059;Hannover;User059pskurs.local;12.10.1979
60;User060;Bergisch Gladbach;User060pskurs.local;21.02.1983
61;User061;Augsburg;User061pskurs.local;30.08.1989
62;User062;Göttingen;User062pskurs.local;10.10.1967
63;User063;Mannheim;User063pskurs.local;27.03.1976
64;User064;Hamm;User064pskurs.local;16.05.1971
65;User065;Oberhausen;User065pskurs.local;16.02.1978
66;User066;Reutlingen;User066pskurs.local;22.12.1965
67;User067;Ulm;User067pskurs.local;16.12.1964
68;User068;Kiel;User068pskurs.local;15.11.1975
69;User069;Salzgitter;User069pskurs.local;22.03.1966
70;User070;Wuppertal;User070pskurs.local;24.02.1975
71;User071;Hildesheim;User071pskurs.local;21.05.1987
72;User072;Fürth;User072pskurs.local;03.07.1987
73;User073;Bottrop;User073pskurs.local;06.09.1973
74;User074;Gütersloh;User074pskurs.local;10.12.1987
75;User075;Heilbronn;User075pskurs.local;25.08.1986
76;User076;Ingolstadt;User076pskurs.local;03.08.1966
77;User077;Cottbus;User077pskurs.local;20.07.1963
78;User078;Bremen;User078pskurs.local;25.04.1989
79;User079;Bremen;User079pskurs.local;18.07.1965
80;User080;Krefeld;User080pskurs.local;13.09.1962
81;User081;Potsdam;User081pskurs.local;19.01.1989
82;User082;Halle (Saale);User082pskurs.local;10.06.1971
83;User083;Oldenburg (Oldb);User083pskurs.local;21.05.1985
84;User084;Recklinghausen;User084pskurs.local;22.11.1964
85;User085;Gütersloh;User085pskurs.local;21.02.1960
86;User086;Erfurt;User086pskurs.local;27.10.1966
87;User087;Mainz;User087pskurs.local;09.01.1975
88;User088;Bremer­haven;User088pskurs.local;04.06.1962
89;User089;Ulm;User089pskurs.local;11.08.1966
90;User090;Oldenburg (Oldb);User090pskurs.local;09.05.1966
91;User091;Lübeck;User091pskurs.local;21.02.1979
92;User092;Neuss;User092pskurs.local;09.02.1986
93;User093;Offenbach am Main;User093pskurs.local;28.03.1990
94;User094;Düsseldorf;User094pskurs.local;19.06.1964
95;User095;Karlsruhe;User095pskurs.local;23.11.1986
96;User096;Gelsenkirchen;User096pskurs.local;28.04.1960
97;User097;Gelsenkirchen;User097pskurs.local;04.01.1979
98;User098;Köln;User098pskurs.local;17.09.1987
99;User099;Recklinghausen;User099pskurs.local;29.04.1990
100;User100;Münster;User100pskurs.local;27.12.1972
101;User101;Oldenburg (Oldb);User101pskurs.local;16.08.1981
102;User102;Leverkusen;User102pskurs.local;16.12.1968
103;User103;Aachen;User103pskurs.local;06.12.1983
104;User104;Ingolstadt;User104pskurs.local;09.01.1990
105;User105;Heilbronn;User105pskurs.local;24.08.1960
106;User106;Lübeck;User106pskurs.local;27.11.1967
107;User107;Kassel;User107pskurs.local;10.07.1963
108;User108;Heidelberg;User108pskurs.local;14.02.1982
109;User109;Göttingen;User109pskurs.local;26.04.1973
110;User110;Ludwigshafen am Rhein;User110pskurs.local;26.05.1965
111;User111;Kassel;User111pskurs.local;06.05.1961
112;User112;Bremen;User112pskurs.local;24.11.1971
113;User113;Kiel;User113pskurs.local;04.12.1960
114;User114;Ingolstadt;User114pskurs.local;13.05.1972
115;User115;Wiesbaden;User115pskurs.local;23.05.1985
116;User116;Recklinghausen;User116pskurs.local;02.03.1988
117;User117;Bielefeld;User117pskurs.local;11.04.1980
118;User118;Wolfsburg;User118pskurs.local;04.10.1986
119;User119;Wolfsburg;User119pskurs.local;29.06.1988
120;User120;Leipzig;User120pskurs.local;16.05.1965
121;User121;Heidelberg;User121pskurs.local;10.09.1967
122;User122;Dresden;User122pskurs.local;25.05.1983
123;User123;Wiesbaden;User123pskurs.local;19.10.1970
124;User124;Darmstadt;User124pskurs.local;20.02.1982
125;User125;Offenbach am Main;User125pskurs.local;07.12.1965
126;User126;Hildesheim;User126pskurs.local;15.11.1977
127;User127;Krefeld;User127pskurs.local;10.06.1961
128;User128;Stuttgart;User128pskurs.local;21.08.1974
129;User129;Rostock;User129pskurs.local;06.09.1969
130;User130;Bremer­haven;User130pskurs.local;23.05.1970
131;User131;Gütersloh;User131pskurs.local;21.07.1977
132;User132;Bielefeld;User132pskurs.local;07.02.1965
133;User133;Köln;User133pskurs.local;30.09.1973
134;User134;Leipzig;User134pskurs.local;01.07.1983
135;User135;Gelsenkirchen;User135pskurs.local;28.09.1984
136;User136;Magdeburg;User136pskurs.local;30.08.1988
137;User137;Dortmund;User137pskurs.local;16.07.1978
138;User138;Recklinghausen;User138pskurs.local;29.11.1967
139;User139;Lübeck;User139pskurs.local;07.09.1962
140;User140;Münster;User140pskurs.local;05.03.1977
141;User141;Saarbrücken;User141pskurs.local;12.08.1983
142;User142;Hamm;User142pskurs.local;04.01.1971
143;User143;Düsseldorf;User143pskurs.local;29.01.1960
144;User144;Münster;User144pskurs.local;18.10.1970
145;User145;Koblenz;User145pskurs.local;16.08.1966
146;User146;Bergisch Gladbach;User146pskurs.local;25.07.1988
147;User147;Koblenz;User147pskurs.local;27.05.1977
148;User148;Reutlingen;User148pskurs.local;03.07.1960
149;User149;Oberhausen;User149pskurs.local;09.10.1962
150;User150;Oberhausen;User150pskurs.local;23.01.1989
151;User151;Dortmund;User151pskurs.local;12.01.1980
152;User152;Bremen;User152pskurs.local;17.03.1963
153;User153;Recklinghausen;User153pskurs.local;06.08.1973
154;User154;Kiel;User154pskurs.local;18.09.1969
155;User155;Hildesheim;User155pskurs.local;08.11.1965
156;User156;Herne;User156pskurs.local;30.07.1978
157;User157;Fürth;User157pskurs.local;19.04.1982
158;User158;Recklinghausen;User158pskurs.local;14.12.1990
159;User159;Hamburg;User159pskurs.local;25.08.1972
160;User160;Dortmund;User160pskurs.local;07.06.1972
161;User161;Düsseldorf;User161pskurs.local;24.12.1986
162;User162;Dortmund;User162pskurs.local;07.09.1976
163;User163;Stuttgart;User163pskurs.local;08.04.1988
164;User164;Hagen;User164pskurs.local;19.10.1990
165;User165;Hamburg;User165pskurs.local;20.04.1989
166;User166;Siegen;User166pskurs.local;10.05.1960
167;User167;Wuppertal;User167pskurs.local;03.01.1971
168;User168;Siegen;User168pskurs.local;26.08.1987
169;User169;Potsdam;User169pskurs.local;23.11.1966
170;User170;Jena;User170pskurs.local;12.03.1968
171;User171;Recklinghausen;User171pskurs.local;02.09.1972
172;User172;Oberhausen;User172pskurs.local;03.06.1969
173;User173;Münster;User173pskurs.local;07.02.1976
174;User174;Recklinghausen;User174pskurs.local;06.07.1984
175;User175;Freiburg im Breisgau;User175pskurs.local;10.06.1971
176;User176;Wuppertal;User176pskurs.local;11.09.1988
177;User177;Mannheim;User177pskurs.local;01.09.1965
178;User178;Berlin;User178pskurs.local;15.06.1973
179;User179;Hildesheim;User179pskurs.local;02.06.1984
180;User180;Augsburg;User180pskurs.local;14.10.1976
181;User181;Duisburg;User181pskurs.local;07.09.1980
182;User182;Hamburg;User182pskurs.local;21.01.1989
183;User183;Frankfurt am Main;User183pskurs.local;02.06.1983
184;User184;Koblenz;User184pskurs.local;28.11.1988
185;User185;Rostock;User185pskurs.local;21.12.1970
186;User186;Hildesheim;User186pskurs.local;28.11.1986
187;User187;Mannheim;User187pskurs.local;20.03.1966
188;User188;Hamm;User188pskurs.local;09.03.1979
189;User189;Würzburg;User189pskurs.local;20.08.1990
190;User190;Rostock;User190pskurs.local;28.07.1967
191;User191;Würzburg;User191pskurs.local;17.02.1987
192;User192;Hamm;User192pskurs.local;14.05.1982
193;User193;Aachen;User193pskurs.local;30.08.1987
194;User194;Reutlingen;User194pskurs.local;30.11.1982
195;User195;Reutlingen;User195pskurs.local;29.11.1964
196;User196;Pforzheim;User196pskurs.local;10.10.1977
197;User197;Herne;User197pskurs.local;06.04.1961
198;User198;Regensburg;User198pskurs.local;16.12.1960
199;User199;Erfurt;User199pskurs.local;01.04.1973
200;User200;Bremer­haven;User200pskurs.local;30.04.1970
201;User201;Potsdam;User201pskurs.local;20.03.1984
202;User202;Heidelberg;User202pskurs.local;05.10.1966
203;User203;Mainz;User203pskurs.local;20.08.1972
204;User204;Erlangen;User204pskurs.local;23.08.1969
205;User205;Göttingen;User205pskurs.local;06.05.1968
206;User206;Erlangen;User206pskurs.local;23.08.1980
207;User207;Bielefeld;User207pskurs.local;22.04.1975
208;User208;Karlsruhe;User208pskurs.local;21.06.1970
209;User209;Lübeck;User209pskurs.local;13.02.1968
210;User210;Lübeck;User210pskurs.local;02.03.1987
211;User211;Mainz;User211pskurs.local;08.02.1976
212;User212;Mannheim;User212pskurs.local;25.11.1977
213;User213;Oberhausen;User213pskurs.local;25.01.1970
214;User214;Solingen;User214pskurs.local;19.05.1969
215;User215;Braunschweig;User215pskurs.local;27.09.1962
216;User216;Duisburg;User216pskurs.local;23.06.1984
217;User217;Hildesheim;User217pskurs.local;29.04.1974
218;User218;Jena;User218pskurs.local;03.04.1964
219;User219;Leipzig;User219pskurs.local;18.09.1989
220;User220;Braunschweig;User220pskurs.local;07.04.1975
221;User221;Leverkusen;User221pskurs.local;20.04.1965
222;User222;Hagen;User222pskurs.local;19.04.1987
223;User223;Solingen;User223pskurs.local;02.07.1987
224;User224;Leverkusen;User224pskurs.local;13.11.1990
225;User225;Cottbus;User225pskurs.local;26.03.1990
226;User226;Gelsenkirchen;User226pskurs.local;19.05.1971
227;User227;Jena;User227pskurs.local;26.04.1977
228;User228;Frankfurt am Main;User228pskurs.local;30.09.1965
229;User229;Duisburg;User229pskurs.local;25.05.1973
230;User230;München;User230pskurs.local;27.07.1971
231;User231;Leverkusen;User231pskurs.local;10.11.1975
232;User232;Wiesbaden;User232pskurs.local;24.11.1970
233;User233;Osnabrück;User233pskurs.local;05.04.1973
234;User234;Münster;User234pskurs.local;21.08.1963
235;User235;Duisburg;User235pskurs.local;15.05.1990
236;User236;Wolfsburg;User236pskurs.local;22.06.1973
237;User237;Offenbach am Main;User237pskurs.local;11.03.1978
238;User238;Hannover;User238pskurs.local;11.10.1985
239;User239;Aachen;User239pskurs.local;03.04.1973
240;User240;Bergisch Gladbach;User240pskurs.local;25.11.1989
241;User241;Mainz;User241pskurs.local;25.09.1965
242;User242;Trier;User242pskurs.local;03.03.1974
243;User243;Ulm;User243pskurs.local;13.07.1962
244;User244;Recklinghausen;User244pskurs.local;14.03.1981
245;User245;Neuss;User245pskurs.local;24.09.1980
246;User246;Magdeburg;User246pskurs.local;20.08.1989
247;User247;Regensburg;User247pskurs.local;19.02.1974
248;User248;Erfurt;User248pskurs.local;03.11.1968
249;User249;Salzgitter;User249pskurs.local;24.06.1976
250;User250;Dresden;User250pskurs.local;18.01.1970
251;User251;Paderborn;User251pskurs.local;18.10.1964
252;User252;München;User252pskurs.local;17.11.1975
253;User253;Hagen;User253pskurs.local;26.03.1990
254;User254;Würzburg;User254pskurs.local;03.09.1990
255;User255;Köln;User255pskurs.local;16.07.1972
256;User256;Karlsruhe;User256pskurs.local;16.03.1972
257;User257;Essen;User257pskurs.local;08.08.1984
258;User258;Fürth;User258pskurs.local;07.04.1981
259;User259;Heilbronn;User259pskurs.local;26.05.1988
260;User260;Regensburg;User260pskurs.local;07.03.1974
261;User261;Reutlingen;User261pskurs.local;16.10.1967
262;User262;Paderborn;User262pskurs.local;04.09.1960
263;User263;Salzgitter;User263pskurs.local;08.05.1965
264;User264;Offenbach am Main;User264pskurs.local;05.06.1969
265;User265;Dortmund;User265pskurs.local;23.10.1964
266;User266;Essen;User266pskurs.local;15.11.1975
267;User267;Bremen;User267pskurs.local;20.12.1961
268;User268;Herne;User268pskurs.local;14.01.1977
269;User269;Leverkusen;User269pskurs.local;06.12.1965
270;User270;Osnabrück;User270pskurs.local;16.06.1977
271;User271;Bonn;User271pskurs.local;02.02.1989
272;User272;Stuttgart;User272pskurs.local;13.06.1990
273;User273;Oberhausen;User273pskurs.local;09.11.1972
274;User274;Saarbrücken;User274pskurs.local;02.05.1969
275;User275;Magdeburg;User275pskurs.local;14.06.1981
276;User276;Solingen;User276pskurs.local;20.03.1966
277;User277;Dresden;User277pskurs.local;17.12.1989
278;User278;Dortmund;User278pskurs.local;14.06.1961
279;User279;Hildesheim;User279pskurs.local;04.02.1976
280;User280;Hamm;User280pskurs.local;19.05.1965
281;User281;Leverkusen;User281pskurs.local;27.02.1976
282;User282;Bremen;User282pskurs.local;20.05.1979
283;User283;Oldenburg (Oldb);User283pskurs.local;14.07.1968
284;User284;Reutlingen;User284pskurs.local;14.11.1974
285;User285;Dresden;User285pskurs.local;05.04.1968
286;User286;Magdeburg;User286pskurs.local;10.04.1969
287;User287;Mülheim an der Ruhr;User287pskurs.local;08.04.1975
288;User288;Bremer­haven;User288pskurs.local;09.05.1976
289;User289;Pforzheim;User289pskurs.local;22.10.1960
290;User290;Krefeld;User290pskurs.local;24.05.1965
291;User291;Wuppertal;User291pskurs.local;26.12.1965
292;User292;Jena;User292pskurs.local;13.12.1967
293;User293;Leipzig;User293pskurs.local;02.05.1990
294;User294;Osnabrück;User294pskurs.local;05.08.1972
295;User295;Oberhausen;User295pskurs.local;03.04.1986
296;User296;Pforzheim;User296pskurs.local;03.04.1982
297;User297;Mannheim;User297pskurs.local;08.05.1965
298;User298;Ingolstadt;User298pskurs.local;09.11.1965
299;User299;Hagen;User299pskurs.local;17.07.1982
300;User300;Stuttgart;User300pskurs.local;15.02.1989
301;User301;Solingen;User301pskurs.local;03.11.1982
302;User302;Düsseldorf;User302pskurs.local;07.05.1980
303;User303;Chemnitz;User303pskurs.local;14.01.1970
304;User304;Oldenburg (Oldb);User304pskurs.local;18.09.1987
305;User305;Gelsenkirchen;User305pskurs.local;03.11.1969
306;User306;Augsburg;User306pskurs.local;17.12.1961
307;User307;Neuss;User307pskurs.local;18.06.1982
308;User308;Koblenz;User308pskurs.local;16.05.1972
309;User309;Hagen;User309pskurs.local;10.01.1973
310;User310;Stuttgart;User310pskurs.local;05.09.1968
311;User311;Leverkusen;User311pskurs.local;31.08.1987
312;User312;Regensburg;User312pskurs.local;26.01.1972
313;User313;Wolfsburg;User313pskurs.local;13.07.1967
314;User314;Dortmund;User314pskurs.local;03.03.1987
315;User315;Würzburg;User315pskurs.local;04.02.1966
316;User316;Heilbronn;User316pskurs.local;11.04.1960
317;User317;Gelsenkirchen;User317pskurs.local;30.12.1990
318;User318;Wuppertal;User318pskurs.local;17.01.1962
319;User319;Cottbus;User319pskurs.local;24.10.1962
320;User320;Essen;User320pskurs.local;12.12.1966
321;User321;Cottbus;User321pskurs.local;09.02.1983
322;User322;Saarbrücken;User322pskurs.local;11.03.1964
323;User323;Karlsruhe;User323pskurs.local;15.04.1973
324;User324;Braunschweig;User324pskurs.local;18.01.1960
325;User325;Oberhausen;User325pskurs.local;17.11.1989
326;User326;Gelsenkirchen;User326pskurs.local;08.01.1990
327;User327;Bremen;User327pskurs.local;30.07.1983
328;User328;Hannover;User328pskurs.local;04.04.1969
329;User329;Leverkusen;User329pskurs.local;23.09.1982
330;User330;Stuttgart;User330pskurs.local;18.12.1977
331;User331;Potsdam;User331pskurs.local;09.05.1979
332;User332;Oberhausen;User332pskurs.local;02.03.1973
333;User333;Offenbach am Main;User333pskurs.local;05.06.1980
334;User334;Bonn;User334pskurs.local;24.08.1965
335;User335;Köln;User335pskurs.local;19.05.1985
336;User336;Neuss;User336pskurs.local;23.06.1975
337;User337;Reutlingen;User337pskurs.local;30.01.1964
338;User338;Mainz;User338pskurs.local;09.03.1977
339;User339;Saarbrücken;User339pskurs.local;03.03.1966
340;User340;Pforzheim;User340pskurs.local;19.12.1979
341;User341;Aachen;User341pskurs.local;29.11.1988
342;User342;Darmstadt;User342pskurs.local;01.04.1967
343;User343;Moers;User343pskurs.local;01.06.1978
344;User344;Krefeld;User344pskurs.local;22.05.1978
345;User345;München;User345pskurs.local;18.10.1978
346;User346;Osnabrück;User346pskurs.local;26.05.1975
347;User347;Fürth;User347pskurs.local;13.05.1972
348;User348;Pforzheim;User348pskurs.local;14.06.1975
349;User349;Duisburg;User349pskurs.local;11.04.1975
350;User350;Jena;User350pskurs.local;19.12.1980
351;User351;Göttingen;User351pskurs.local;30.05.1986
352;User352;Siegen;User352pskurs.local;14.11.1980
353;User353;Fürth;User353pskurs.local;08.06.1960
354;User354;Remscheid;User354pskurs.local;25.08.1984
355;User355;Hannover;User355pskurs.local;20.05.1974
356;User356;Herne;User356pskurs.local;21.11.1970
357;User357;Pforzheim;User357pskurs.local;15.10.1975
358;User358;Berlin;User358pskurs.local;04.02.1964
359;User359;Erlangen;User359pskurs.local;10.11.1969
360;User360;Saarbrücken;User360pskurs.local;02.06.1988
361;User361;Bottrop;User361pskurs.local;11.11.1974
362;User362;Remscheid;User362pskurs.local;13.09.1988
363;User363;Köln;User363pskurs.local;17.03.1990
364;User364;Mannheim;User364pskurs.local;09.06.1988
365;User365;Leipzig;User365pskurs.local;22.04.1983
366;User366;Salzgitter;User366pskurs.local;18.07.1989
367;User367;Nürnberg;User367pskurs.local;08.03.1989
368;User368;Mülheim an der Ruhr;User368pskurs.local;11.11.1990
369;User369;Hildesheim;User369pskurs.local;04.01.1986
370;User370;Gütersloh;User370pskurs.local;16.03.1990
371;User371;Dresden;User371pskurs.local;22.07.1960
372;User372;Fürth;User372pskurs.local;17.11.1970
373;User373;Wiesbaden;User373pskurs.local;22.04.1979
374;User374;Münster;User374pskurs.local;17.10.1982
375;User375;Cottbus;User375pskurs.local;23.07.1969
376;User376;Kassel;User376pskurs.local;04.09.1964
377;User377;Köln;User377pskurs.local;30.07.1966
378;User378;Mainz;User378pskurs.local;02.09.1969
379;User379;Bergisch Gladbach;User379pskurs.local;02.02.1975
380;User380;Leipzig;User380pskurs.local;20.08.1977
381;User381;Hildesheim;User381pskurs.local;30.01.1970
382;User382;Mannheim;User382pskurs.local;19.03.1980
383;User383;Bottrop;User383pskurs.local;24.06.1969
384;User384;Reutlingen;User384pskurs.local;19.09.1989
385;User385;Reutlingen;User385pskurs.local;10.03.1983
386;User386;Offenbach am Main;User386pskurs.local;04.08.1979
387;User387;Krefeld;User387pskurs.local;14.09.1981
388;User388;Ingolstadt;User388pskurs.local;21.01.1984
389;User389;Bonn;User389pskurs.local;14.10.1963
390;User390;Düsseldorf;User390pskurs.local;15.12.1966
391;User391;Salzgitter;User391pskurs.local;12.11.1976
392;User392;Koblenz;User392pskurs.local;18.11.1968
393;User393;Krefeld;User393pskurs.local;26.04.1968
394;User394;Braunschweig;User394pskurs.local;16.07.1972
395;User395;Oldenburg (Oldb);User395pskurs.local;13.07.1970
396;User396;Koblenz;User396pskurs.local;08.11.1972
397;User397;München;User397pskurs.local;24.04.1964
398;User398;Salzgitter;User398pskurs.local;16.01.1989
399;User399;Lübeck;User399pskurs.local;22.11.1977
400;User400;Würzburg;User400pskurs.local;04.02.1962
401;User401;Mönchen­gladbach;User401pskurs.local;08.08.1983
402;User402;Magdeburg;User402pskurs.local;19.08.1983
403;User403;Duisburg;User403pskurs.local;15.04.1967
404;User404;Hagen;User404pskurs.local;09.11.1964
405;User405;Essen;User405pskurs.local;27.12.1989
406;User406;Koblenz;User406pskurs.local;14.01.1981
407;User407;Hamm;User407pskurs.local;30.09.1965
408;User408;Trier;User408pskurs.local;07.07.1973
409;User409;Stuttgart;User409pskurs.local;29.06.1981
410;User410;Karlsruhe;User410pskurs.local;05.04.1979
411;User411;Ludwigshafen am Rhein;User411pskurs.local;16.02.1973
412;User412;Trier;User412pskurs.local;17.02.1970
413;User413;Freiburg im Breisgau;User413pskurs.local;18.03.1960
414;User414;Ingolstadt;User414pskurs.local;25.10.1986
415;User415;Münster;User415pskurs.local;18.02.1981
416;User416;Köln;User416pskurs.local;12.02.1977
417;User417;Mönchen­gladbach;User417pskurs.local;21.05.1964
418;User418;Düsseldorf;User418pskurs.local;16.06.1965
419;User419;Augsburg;User419pskurs.local;03.03.1967
420;User420;Bergisch Gladbach;User420pskurs.local;29.03.1986
421;User421;Augsburg;User421pskurs.local;01.02.1968
422;User422;Mainz;User422pskurs.local;26.04.1974
423;User423;Leipzig;User423pskurs.local;30.12.1982
424;User424;Leverkusen;User424pskurs.local;05.04.1965
425;User425;Cottbus;User425pskurs.local;22.12.1982
426;User426;Regensburg;User426pskurs.local;25.11.1985
427;User427;Mainz;User427pskurs.local;23.03.1987
428;User428;Heilbronn;User428pskurs.local;14.02.1987
429;User429;Wolfsburg;User429pskurs.local;28.12.1970
430;User430;Oldenburg (Oldb);User430pskurs.local;02.11.1964
431;User431;Heidelberg;User431pskurs.local;08.07.1970
432;User432;Fürth;User432pskurs.local;10.03.1968
433;User433;Neuss;User433pskurs.local;03.04.1978
434;User434;Offenbach am Main;User434pskurs.local;13.12.1982
435;User435;Heidelberg;User435pskurs.local;03.08.1973
436;User436;Recklinghausen;User436pskurs.local;24.08.1978
437;User437;Bonn;User437pskurs.local;10.02.1980
438;User438;Siegen;User438pskurs.local;21.07.1969
439;User439;Pforzheim;User439pskurs.local;01.04.1972
440;User440;Jena;User440pskurs.local;05.04.1981
441;User441;Cottbus;User441pskurs.local;29.07.1964
442;User442;Cottbus;User442pskurs.local;13.02.1969
443;User443;München;User443pskurs.local;12.09.1984
444;User444;Hannover;User444pskurs.local;21.04.1981
445;User445;Recklinghausen;User445pskurs.local;15.08.1989
446;User446;Halle (Saale);User446pskurs.local;10.04.1973
447;User447;Moers;User447pskurs.local;05.12.1973
448;User448;Dortmund;User448pskurs.local;29.08.1971
449;User449;Trier;User449pskurs.local;11.10.1989
450;User450;Trier;User450pskurs.local;12.09.1987
451;User451;Chemnitz;User451pskurs.local;08.12.1983
452;User452;Würzburg;User452pskurs.local;29.04.1976
453;User453;Chemnitz;User453pskurs.local;22.03.1965
454;User454;Koblenz;User454pskurs.local;09.02.1974
455;User455;Salzgitter;User455pskurs.local;01.02.1974
456;User456;Heidelberg;User456pskurs.local;13.02.1970
457;User457;Koblenz;User457pskurs.local;20.07.1969
458;User458;Göttingen;User458pskurs.local;19.09.1988
459;User459;Paderborn;User459pskurs.local;26.08.1979
460;User460;Neuss;User460pskurs.local;15.06.1975
461;User461;Bottrop;User461pskurs.local;11.11.1986
462;User462;Gelsenkirchen;User462pskurs.local;06.03.1966
463;User463;Hamm;User463pskurs.local;12.11.1962
464;User464;Ludwigshafen am Rhein;User464pskurs.local;28.12.1979
465;User465;Nürnberg;User465pskurs.local;23.02.1962
466;User466;Osnabrück;User466pskurs.local;14.04.1990
467;User467;Bremen;User467pskurs.local;13.07.1967
468;User468;Leipzig;User468pskurs.local;17.09.1967
469;User469;Mannheim;User469pskurs.local;17.07.1967
470;User470;Ludwigshafen am Rhein;User470pskurs.local;05.07.1980
471;User471;Jena;User471pskurs.local;24.05.1978
472;User472;Erlangen;User472pskurs.local;25.07.1974
473;User473;Dortmund;User473pskurs.local;30.01.1973
474;User474;Wuppertal;User474pskurs.local;07.05.1977
475;User475;Krefeld;User475pskurs.local;15.08.1973
476;User476;Trier;User476pskurs.local;03.06.1961
477;User477;Braunschweig;User477pskurs.local;08.09.1989
478;User478;Hannover;User478pskurs.local;23.03.1974
479;User479;Augsburg;User479pskurs.local;31.01.1989
480;User480;Bremen;User480pskurs.local;23.04.1971
481;User481;Fürth;User481pskurs.local;23.07.1990
482;User482;Bochum;User482pskurs.local;20.12.1973
483;User483;Trier;User483pskurs.local;16.05.1985
484;User484;Hamm;User484pskurs.local;11.05.1982
485;User485;Würzburg;User485pskurs.local;14.04.1974
486;User486;Hamburg;User486pskurs.local;17.07.1990
487;User487;Potsdam;User487pskurs.local;22.12.1982
488;User488;Würzburg;User488pskurs.local;01.11.1990
489;User489;Pforzheim;User489pskurs.local;16.03.1989
490;User490;Herne;User490pskurs.local;20.07.1981
491;User491;Kiel;User491pskurs.local;25.09.1960
492;User492;Reutlingen;User492pskurs.local;05.04.1982
493;User493;Hannover;User493pskurs.local;30.05.1974
494;User494;Osnabrück;User494pskurs.local;03.06.1960
495;User495;Trier;User495pskurs.local;05.01.1979
496;User496;Dortmund;User496pskurs.local;07.12.1977
497;User497;Gelsenkirchen;User497pskurs.local;09.10.1983
498;User498;Mainz;User498pskurs.local;17.08.1964
499;User499;Bremen;User499pskurs.local;07.04.1963
500;User500;Hagen;User500pskurs.local;09.02.1984
501;User501;Freiburg im Breisgau;User501pskurs.local;28.01.1964
502;User502;Rostock;User502pskurs.local;26.11.1988
503;User503;Gelsenkirchen;User503pskurs.local;21.05.1984
504;User504;Mülheim an der Ruhr;User504pskurs.local;25.01.1974
505;User505;Ulm;User505pskurs.local;17.01.1984
506;User506;Würzburg;User506pskurs.local;23.11.1990
507;User507;Mülheim an der Ruhr;User507pskurs.local;20.04.1988
508;User508;Bochum;User508pskurs.local;16.12.1980
509;User509;Aachen;User509pskurs.local;14.10.1967
510;User510;Hamburg;User510pskurs.local;27.02.1968
511;User511;Koblenz;User511pskurs.local;22.05.1970
512;User512;Bonn;User512pskurs.local;17.09.1972
513;User513;Leverkusen;User513pskurs.local;22.03.1990
514;User514;Duisburg;User514pskurs.local;06.01.1960
515;User515;Kiel;User515pskurs.local;05.03.1962
516;User516;Ingolstadt;User516pskurs.local;23.05.1960
517;User517;Reutlingen;User517pskurs.local;13.08.1984
518;User518;Erfurt;User518pskurs.local;10.03.1961
519;User519;Münster;User519pskurs.local;14.08.1962
520;User520;Darmstadt;User520pskurs.local;12.10.1968
521;User521;Mülheim an der Ruhr;User521pskurs.local;16.07.1966
522;User522;Potsdam;User522pskurs.local;24.05.1966
523;User523;Koblenz;User523pskurs.local;02.02.1983
524;User524;Paderborn;User524pskurs.local;22.03.1969
525;User525;Duisburg;User525pskurs.local;21.02.1979
526;User526;Gelsenkirchen;User526pskurs.local;21.06.1961
527;User527;Leipzig;User527pskurs.local;18.09.1983
528;User528;Leverkusen;User528pskurs.local;15.04.1963
529;User529;Saarbrücken;User529pskurs.local;10.01.1971
530;User530;Saarbrücken;User530pskurs.local;24.05.1990
531;User531;Erfurt;User531pskurs.local;27.05.1977
532;User532;Recklinghausen;User532pskurs.local;02.12.1976
533;User533;Fürth;User533pskurs.local;25.10.1962
534;User534;Lübeck;User534pskurs.local;28.08.1968
535;User535;Siegen;User535pskurs.local;20.12.1969
536;User536;Hannover;User536pskurs.local;11.11.1982
537;User537;Solingen;User537pskurs.local;18.01.1975
538;User538;Gelsenkirchen;User538pskurs.local;18.05.1969
539;User539;Cottbus;User539pskurs.local;01.11.1962
540;User540;Bonn;User540pskurs.local;17.04.1966
541;User541;Trier;User541pskurs.local;25.09.1980
542;User542;Leipzig;User542pskurs.local;20.06.1965
543;User543;Bottrop;User543pskurs.local;08.01.1971
544;User544;Bottrop;User544pskurs.local;13.12.1978
545;User545;Trier;User545pskurs.local;30.06.1966
546;User546;Würzburg;User546pskurs.local;20.01.1967
547;User547;Leipzig;User547pskurs.local;20.03.1962
548;User548;Frankfurt am Main;User548pskurs.local;02.10.1968
549;User549;Hildesheim;User549pskurs.local;26.12.1974
550;User550;Mönchen­gladbach;User550pskurs.local;29.04.1966
551;User551;Ludwigshafen am Rhein;User551pskurs.local;02.04.1974
552;User552;Mainz;User552pskurs.local;27.04.1972
553;User553;Braunschweig;User553pskurs.local;01.07.1976
554;User554;Ulm;User554pskurs.local;10.01.1974
555;User555;Trier;User555pskurs.local;13.05.1963
556;User556;Bonn;User556pskurs.local;11.03.1960
557;User557;Bielefeld;User557pskurs.local;11.09.1970
558;User558;Pforzheim;User558pskurs.local;22.02.1987
559;User559;Wiesbaden;User559pskurs.local;18.04.1986
560;User560;Regensburg;User560pskurs.local;06.01.1987
561;User561;Lübeck;User561pskurs.local;05.03.1977
562;User562;Mannheim;User562pskurs.local;16.11.1975
563;User563;Freiburg im Breisgau;User563pskurs.local;16.01.1976
564;User564;Stuttgart;User564pskurs.local;18.06.1973
565;User565;Münster;User565pskurs.local;14.03.1961
566;User566;Moers;User566pskurs.local;10.05.1969
567;User567;Düsseldorf;User567pskurs.local;10.11.1965
568;User568;Bonn;User568pskurs.local;27.12.1968
569;User569;Solingen;User569pskurs.local;02.03.1970
570;User570;Lübeck;User570pskurs.local;16.08.1969
571;User571;Neuss;User571pskurs.local;01.11.1966
572;User572;Würzburg;User572pskurs.local;15.09.1982
573;User573;Kassel;User573pskurs.local;29.10.1972
574;User574;Paderborn;User574pskurs.local;11.08.1972
575;User575;Darmstadt;User575pskurs.local;12.10.1980
576;User576;Koblenz;User576pskurs.local;05.12.1989
577;User577;Nürnberg;User577pskurs.local;21.09.1965
578;User578;Reutlingen;User578pskurs.local;27.08.1976
579;User579;Berlin;User579pskurs.local;11.03.1967
580;User580;Paderborn;User580pskurs.local;12.01.1964
581;User581;Bergisch Gladbach;User581pskurs.local;08.03.1976
582;User582;Ludwigshafen am Rhein;User582pskurs.local;18.05.1971
583;User583;Magdeburg;User583pskurs.local;15.01.1961
584;User584;Bremen;User584pskurs.local;31.08.1961
585;User585;Solingen;User585pskurs.local;26.11.1970
586;User586;Düsseldorf;User586pskurs.local;26.12.1979
587;User587;Bonn;User587pskurs.local;22.04.1973
588;User588;Duisburg;User588pskurs.local;31.03.1983
589;User589;Koblenz;User589pskurs.local;17.01.1987
590;User590;Essen;User590pskurs.local;14.10.1969
591;User591;Wiesbaden;User591pskurs.local;30.04.1974
592;User592;Heidelberg;User592pskurs.local;04.08.1965
593;User593;Erlangen;User593pskurs.local;04.10.1963
594;User594;Heidelberg;User594pskurs.local;16.07.1985
595;User595;Essen;User595pskurs.local;06.02.1981
596;User596;Osnabrück;User596pskurs.local;06.09.1961
597;User597;Berlin;User597pskurs.local;15.12.1968
598;User598;Oberhausen;User598pskurs.local;16.10.1967
599;User599;Pforzheim;User599pskurs.local;17.11.1987
600;User600;Berlin;User600pskurs.local;03.07.1977
601;User601;Karlsruhe;User601pskurs.local;22.04.1961
602;User602;Leipzig;User602pskurs.local;29.09.1964
603;User603;Bremer­haven;User603pskurs.local;28.10.1979
604;User604;Dortmund;User604pskurs.local;05.01.1976
605;User605;Gelsenkirchen;User605pskurs.local;21.04.1964
606;User606;Siegen;User606pskurs.local;18.08.1990
607;User607;Gütersloh;User607pskurs.local;05.05.1979
608;User608;Freiburg im Breisgau;User608pskurs.local;03.07.1970
609;User609;Göttingen;User609pskurs.local;04.04.1984
610;User610;Wolfsburg;User610pskurs.local;26.04.1971
611;User611;Remscheid;User611pskurs.local;11.11.1975
612;User612;Dresden;User612pskurs.local;30.01.1964
613;User613;Osnabrück;User613pskurs.local;15.05.1966
614;User614;Aachen;User614pskurs.local;30.09.1988
615;User615;Leipzig;User615pskurs.local;04.06.1981
616;User616;Frankfurt am Main;User616pskurs.local;16.11.1979
617;User617;Karlsruhe;User617pskurs.local;21.06.1967
618;User618;Herne;User618pskurs.local;18.02.1968
619;User619;Gelsenkirchen;User619pskurs.local;14.08.1985
620;User620;Lübeck;User620pskurs.local;01.02.1964
621;User621;Gelsenkirchen;User621pskurs.local;07.12.1974
622;User622;Dortmund;User622pskurs.local;21.11.1989
623;User623;Frankfurt am Main;User623pskurs.local;06.10.1967
624;User624;Bielefeld;User624pskurs.local;13.05.1981
625;User625;Gelsenkirchen;User625pskurs.local;25.10.1966
626;User626;Oldenburg (Oldb);User626pskurs.local;28.08.1960
627;User627;Darmstadt;User627pskurs.local;07.11.1983
628;User628;München;User628pskurs.local;28.11.1964
629;User629;Bremen;User629pskurs.local;01.10.1961
630;User630;Düsseldorf;User630pskurs.local;19.03.1987
631;User631;Nürnberg;User631pskurs.local;07.01.1965
632;User632;Kassel;User632pskurs.local;09.11.1962
633;User633;Siegen;User633pskurs.local;20.01.1972
634;User634;Augsburg;User634pskurs.local;12.11.1978
635;User635;Darmstadt;User635pskurs.local;29.11.1979
636;User636;Braunschweig;User636pskurs.local;23.03.1972
637;User637;Ingolstadt;User637pskurs.local;22.06.1970
638;User638;Oldenburg (Oldb);User638pskurs.local;12.08.1963
639;User639;Potsdam;User639pskurs.local;21.10.1974
640;User640;Kassel;User640pskurs.local;26.01.1960
641;User641;Hamm;User641pskurs.local;08.12.1990
642;User642;Dresden;User642pskurs.local;01.01.1980
643;User643;Cottbus;User643pskurs.local;28.12.1965
644;User644;Augsburg;User644pskurs.local;04.12.1987
645;User645;Regensburg;User645pskurs.local;16.08.1979
646;User646;Bottrop;User646pskurs.local;21.11.1979
647;User647;Hamm;User647pskurs.local;24.11.1961
648;User648;Magdeburg;User648pskurs.local;12.06.1978
649;User649;Osnabrück;User649pskurs.local;14.05.1963
650;User650;Erlangen;User650pskurs.local;01.12.1968
651;User651;Bielefeld;User651pskurs.local;07.01.1987
652;User652;Mönchen­gladbach;User652pskurs.local;10.07.1973
653;User653;Wuppertal;User653pskurs.local;21.06.1977
654;User654;Ulm;User654pskurs.local;03.06.1972
655;User655;Moers;User655pskurs.local;15.01.1962
656;User656;Erfurt;User656pskurs.local;30.04.1990
657;User657;Aachen;User657pskurs.local;20.01.1966
658;User658;Ingolstadt;User658pskurs.local;02.12.1990
659;User659;Potsdam;User659pskurs.local;06.01.1971
660;User660;Herne;User660pskurs.local;28.11.1988
661;User661;Kassel;User661pskurs.local;05.07.1967
662;User662;Dortmund;User662pskurs.local;20.09.1978
663;User663;Moers;User663pskurs.local;15.04.1981
664;User664;Hamm;User664pskurs.local;03.05.1976
665;User665;Pforzheim;User665pskurs.local;02.08.1973
666;User666;Offenbach am Main;User666pskurs.local;15.02.1970
667;User667;Bremen;User667pskurs.local;26.12.1976
668;User668;Berlin;User668pskurs.local;01.07.1987
669;User669;Ingolstadt;User669pskurs.local;08.02.1965
670;User670;Heilbronn;User670pskurs.local;13.09.1988
671;User671;Wolfsburg;User671pskurs.local;01.02.1969
672;User672;Chemnitz;User672pskurs.local;09.09.1979
673;User673;Bremen;User673pskurs.local;17.02.1980
674;User674;Kassel;User674pskurs.local;12.04.1963
675;User675;Paderborn;User675pskurs.local;13.08.1961
676;User676;Köln;User676pskurs.local;25.08.1986
677;User677;Oberhausen;User677pskurs.local;27.11.1975
678;User678;Leverkusen;User678pskurs.local;06.12.1965
679;User679;Köln;User679pskurs.local;10.10.1977
680;User680;Nürnberg;User680pskurs.local;04.04.1961
681;User681;Recklinghausen;User681pskurs.local;06.01.1970
682;User682;Neuss;User682pskurs.local;30.09.1983
683;User683;Freiburg im Breisgau;User683pskurs.local;11.03.1972
684;User684;Karlsruhe;User684pskurs.local;02.09.1965
685;User685;Hamburg;User685pskurs.local;06.09.1975
686;User686;Chemnitz;User686pskurs.local;14.06.1975
687;User687;Siegen;User687pskurs.local;05.11.1972
688;User688;Siegen;User688pskurs.local;23.03.1984
689;User689;Duisburg;User689pskurs.local;14.10.1969
690;User690;Wuppertal;User690pskurs.local;29.12.1969
691;User691;Aachen;User691pskurs.local;05.09.1990
692;User692;Salzgitter;User692pskurs.local;20.08.1974
693;User693;Offenbach am Main;User693pskurs.local;19.06.1980
694;User694;Hagen;User694pskurs.local;23.11.1972
695;User695;Darmstadt;User695pskurs.local;04.07.1970
696;User696;Mannheim;User696pskurs.local;23.12.1972
697;User697;Oldenburg (Oldb);User697pskurs.local;30.06.1967
698;User698;Magdeburg;User698pskurs.local;10.06.1981
699;User699;Jena;User699pskurs.local;13.05.1964
700;User700;Erlangen;User700pskurs.local;20.06.1984
701;User701;Remscheid;User701pskurs.local;02.07.1961
702;User702;Salzgitter;User702pskurs.local;16.05.1964
703;User703;Mülheim an der Ruhr;User703pskurs.local;28.11.1981
704;User704;Essen;User704pskurs.local;16.01.1988
705;User705;Ulm;User705pskurs.local;12.07.1975
706;User706;Münster;User706pskurs.local;22.08.1968
707;User707;Mönchen­gladbach;User707pskurs.local;19.01.1964
708;User708;Remscheid;User708pskurs.local;18.03.1986
709;User709;Augsburg;User709pskurs.local;01.05.1982
710;User710;Krefeld;User710pskurs.local;12.07.1986
711;User711;Magdeburg;User711pskurs.local;20.05.1970
712;User712;Ingolstadt;User712pskurs.local;15.07.1981
713;User713;Pforzheim;User713pskurs.local;21.09.1972
714;User714;Erfurt;User714pskurs.local;24.01.1985
715;User715;Krefeld;User715pskurs.local;14.01.1965
716;User716;Göttingen;User716pskurs.local;29.01.1975
717;User717;Oldenburg (Oldb);User717pskurs.local;25.06.1979
718;User718;Freiburg im Breisgau;User718pskurs.local;02.11.1986
719;User719;Ulm;User719pskurs.local;29.10.1982
720;User720;Oldenburg (Oldb);User720pskurs.local;23.08.1982
721;User721;Rostock;User721pskurs.local;03.05.1968
722;User722;Braunschweig;User722pskurs.local;02.06.1960
723;User723;Bremen;User723pskurs.local;07.05.1967
724;User724;Köln;User724pskurs.local;24.07.1967
725;User725;Düsseldorf;User725pskurs.local;15.11.1960
726;User726;Göttingen;User726pskurs.local;09.12.1966
727;User727;Hannover;User727pskurs.local;01.11.1986
728;User728;München;User728pskurs.local;06.06.1961
729;User729;Dortmund;User729pskurs.local;23.01.1977
730;User730;Göttingen;User730pskurs.local;12.04.1967
731;User731;Berlin;User731pskurs.local;21.04.1986
732;User732;Frankfurt am Main;User732pskurs.local;21.06.1967
733;User733;Salzgitter;User733pskurs.local;26.04.1982
734;User734;Duisburg;User734pskurs.local;14.05.1985
735;User735;Bremer­haven;User735pskurs.local;11.09.1961
736;User736;Stuttgart;User736pskurs.local;05.09.1990
737;User737;Bergisch Gladbach;User737pskurs.local;15.09.1965
738;User738;Halle (Saale);User738pskurs.local;21.10.1972
739;User739;Magdeburg;User739pskurs.local;10.09.1963
740;User740;Herne;User740pskurs.local;03.11.1982
741;User741;Remscheid;User741pskurs.local;04.11.1983
742;User742;Augsburg;User742pskurs.local;21.10.1989
743;User743;Fürth;User743pskurs.local;22.12.1990
744;User744;Berlin;User744pskurs.local;09.03.1979
745;User745;Herne;User745pskurs.local;07.10.1960
746;User746;Saarbrücken;User746pskurs.local;24.08.1986
747;User747;Wuppertal;User747pskurs.local;27.01.1970
748;User748;Oldenburg (Oldb);User748pskurs.local;04.08.1960
749;User749;Erlangen;User749pskurs.local;02.03.1978
750;User750;Wuppertal;User750pskurs.local;01.04.1969
751;User751;Nürnberg;User751pskurs.local;27.07.1973
752;User752;Wiesbaden;User752pskurs.local;25.03.1968
753;User753;Duisburg;User753pskurs.local;01.05.1961
754;User754;Ingolstadt;User754pskurs.local;24.12.1964
755;User755;Leipzig;User755pskurs.local;14.03.1970
756;User756;Lübeck;User756pskurs.local;15.12.1964
757;User757;Bielefeld;User757pskurs.local;14.12.1975
758;User758;Rostock;User758pskurs.local;22.12.1966
759;User759;Bielefeld;User759pskurs.local;08.10.1989
760;User760;Jena;User760pskurs.local;17.02.1968
761;User761;Lübeck;User761pskurs.local;29.06.1972
762;User762;Regensburg;User762pskurs.local;09.10.1988
763;User763;Hamm;User763pskurs.local;03.02.1971
764;User764;Koblenz;User764pskurs.local;22.09.1961
765;User765;Bonn;User765pskurs.local;19.09.1961
766;User766;Darmstadt;User766pskurs.local;16.09.1960
767;User767;Recklinghausen;User767pskurs.local;10.02.1968
768;User768;Wolfsburg;User768pskurs.local;21.05.1978
769;User769;Remscheid;User769pskurs.local;06.09.1980
770;User770;Heidelberg;User770pskurs.local;11.05.1984
771;User771;Remscheid;User771pskurs.local;10.05.1983
772;User772;Bergisch Gladbach;User772pskurs.local;25.02.1973
773;User773;Bremen;User773pskurs.local;12.07.1990
774;User774;Kassel;User774pskurs.local;01.12.1966
775;User775;Leverkusen;User775pskurs.local;24.11.1965
776;User776;Erfurt;User776pskurs.local;27.05.1972
777;User777;Moers;User777pskurs.local;11.01.1982
778;User778;Essen;User778pskurs.local;30.01.1964
779;User779;Mannheim;User779pskurs.local;08.08.1979
780;User780;Siegen;User780pskurs.local;14.11.1989
781;User781;Dortmund;User781pskurs.local;06.01.1965
782;User782;Bielefeld;User782pskurs.local;30.11.1990
783;User783;Gelsenkirchen;User783pskurs.local;05.05.1988
784;User784;Essen;User784pskurs.local;29.08.1977
785;User785;Offenbach am Main;User785pskurs.local;19.08.1968
786;User786;Mainz;User786pskurs.local;03.07.1974
787;User787;Halle (Saale);User787pskurs.local;06.05.1978
788;User788;Ingolstadt;User788pskurs.local;09.03.1986
789;User789;Wuppertal;User789pskurs.local;20.02.1989
790;User790;Hamm;User790pskurs.local;06.01.1989
791;User791;Bonn;User791pskurs.local;10.12.1974
792;User792;Kassel;User792pskurs.local;04.11.1971
793;User793;Ingolstadt;User793pskurs.local;14.07.1982
794;User794;Hildesheim;User794pskurs.local;23.11.1961
795;User795;Potsdam;User795pskurs.local;25.10.1990
796;User796;Göttingen;User796pskurs.local;11.04.1976
797;User797;Jena;User797pskurs.local;03.07.1988
798;User798;Frankfurt am Main;User798pskurs.local;19.06.1961
799;User799;Bergisch Gladbach;User799pskurs.local;27.09.1981
800;User800;Dresden;User800pskurs.local;20.02.1963
801;User801;Bergisch Gladbach;User801pskurs.local;09.11.1971
802;User802;Paderborn;User802pskurs.local;03.02.1986
803;User803;Nürnberg;User803pskurs.local;04.04.1983
804;User804;Oldenburg (Oldb);User804pskurs.local;25.07.1964
805;User805;Essen;User805pskurs.local;13.06.1990
806;User806;Hagen;User806pskurs.local;14.05.1962
807;User807;Oberhausen;User807pskurs.local;11.03.1984
808;User808;Heilbronn;User808pskurs.local;08.04.1960
809;User809;Leipzig;User809pskurs.local;06.04.1989
810;User810;Wuppertal;User810pskurs.local;15.12.1989
811;User811;Mönchen­gladbach;User811pskurs.local;04.03.1961
812;User812;Erfurt;User812pskurs.local;31.08.1980
813;User813;Bochum;User813pskurs.local;06.01.1962
814;User814;Saarbrücken;User814pskurs.local;08.05.1987
815;User815;Karlsruhe;User815pskurs.local;28.08.1983
816;User816;Karlsruhe;User816pskurs.local;12.06.1989
817;User817;Oberhausen;User817pskurs.local;03.01.1964
818;User818;Kassel;User818pskurs.local;20.02.1979
819;User819;Braunschweig;User819pskurs.local;30.06.1977
820;User820;Göttingen;User820pskurs.local;25.03.1980
821;User821;Wolfsburg;User821pskurs.local;09.10.1988
822;User822;Bremen;User822pskurs.local;13.05.1989
823;User823;Chemnitz;User823pskurs.local;02.08.1978
824;User824;Hannover;User824pskurs.local;31.12.1984
825;User825;Recklinghausen;User825pskurs.local;03.09.1960
826;User826;Hildesheim;User826pskurs.local;07.11.1982
827;User827;Paderborn;User827pskurs.local;26.04.1981
828;User828;Dortmund;User828pskurs.local;02.04.1968
829;User829;Berlin;User829pskurs.local;31.08.1964
830;User830;Heidelberg;User830pskurs.local;09.02.1977
831;User831;Ulm;User831pskurs.local;26.11.1968
832;User832;Reutlingen;User832pskurs.local;11.05.1967
833;User833;Ulm;User833pskurs.local;18.07.1960
834;User834;Gütersloh;User834pskurs.local;29.09.1990
835;User835;Essen;User835pskurs.local;07.10.1963
836;User836;Köln;User836pskurs.local;09.06.1978
837;User837;Heilbronn;User837pskurs.local;14.12.1984
838;User838;Stuttgart;User838pskurs.local;13.10.1971
839;User839;Jena;User839pskurs.local;19.01.1966
840;User840;Ingolstadt;User840pskurs.local;10.04.1969
841;User841;Mannheim;User841pskurs.local;07.07.1972
842;User842;Oldenburg (Oldb);User842pskurs.local;07.11.1984
843;User843;Erfurt;User843pskurs.local;10.06.1977
844;User844;Bremen;User844pskurs.local;16.09.1989
845;User845;Lübeck;User845pskurs.local;05.09.1964
846;User846;Gütersloh;User846pskurs.local;23.05.1982
847;User847;Erfurt;User847pskurs.local;08.04.1963
848;User848;Krefeld;User848pskurs.local;03.06.1987
849;User849;Chemnitz;User849pskurs.local;12.09.1979
850;User850;Heilbronn;User850pskurs.local;26.11.1968
851;User851;Bremen;User851pskurs.local;17.01.1980
852;User852;Remscheid;User852pskurs.local;12.12.1980
853;User853;Braunschweig;User853pskurs.local;14.03.1990
854;User854;Wiesbaden;User854pskurs.local;31.12.1961
855;User855;Saarbrücken;User855pskurs.local;23.05.1972
856;User856;Berlin;User856pskurs.local;04.07.1970
857;User857;Moers;User857pskurs.local;10.07.1968
858;User858;Moers;User858pskurs.local;17.02.1982
859;User859;Saarbrücken;User859pskurs.local;25.01.1985
860;User860;Hamburg;User860pskurs.local;25.07.1977
861;User861;Berlin;User861pskurs.local;16.12.1964
862;User862;Recklinghausen;User862pskurs.local;24.06.1965
863;User863;Dortmund;User863pskurs.local;22.12.1963
864;User864;Hamm;User864pskurs.local;09.06.1964
865;User865;Bergisch Gladbach;User865pskurs.local;08.01.1990
866;User866;Herne;User866pskurs.local;12.06.1980
867;User867;Stuttgart;User867pskurs.local;06.04.1976
868;User868;Wuppertal;User868pskurs.local;25.03.1971
869;User869;Stuttgart;User869pskurs.local;05.03.1974
870;User870;Heidelberg;User870pskurs.local;21.03.1962
871;User871;Neuss;User871pskurs.local;03.03.1966
872;User872;Duisburg;User872pskurs.local;25.12.1979
873;User873;Regensburg;User873pskurs.local;22.06.1964
874;User874;Darmstadt;User874pskurs.local;20.04.1975
875;User875;Fürth;User875pskurs.local;15.09.1980
876;User876;Hamburg;User876pskurs.local;15.03.1978
877;User877;Hagen;User877pskurs.local;02.10.1979
878;User878;Würzburg;User878pskurs.local;31.03.1960
879;User879;Ludwigshafen am Rhein;User879pskurs.local;07.08.1975
880;User880;Hannover;User880pskurs.local;05.12.1979
881;User881;Reutlingen;User881pskurs.local;05.05.1974
882;User882;Paderborn;User882pskurs.local;17.12.1982
883;User883;Kassel;User883pskurs.local;17.01.1978
884;User884;Köln;User884pskurs.local;04.06.1963
885;User885;Magdeburg;User885pskurs.local;04.09.1985
886;User886;Karlsruhe;User886pskurs.local;30.08.1979
887;User887;Saarbrücken;User887pskurs.local;16.11.1990
888;User888;Erlangen;User888pskurs.local;13.09.1963
889;User889;Köln;User889pskurs.local;07.10.1961
890;User890;Oldenburg (Oldb);User890pskurs.local;23.05.1967
891;User891;Recklinghausen;User891pskurs.local;02.01.1963
892;User892;Potsdam;User892pskurs.local;27.12.1985
893;User893;Dortmund;User893pskurs.local;07.06.1981
894;User894;Freiburg im Breisgau;User894pskurs.local;22.02.1978
895;User895;Recklinghausen;User895pskurs.local;10.01.1967
896;User896;Mannheim;User896pskurs.local;03.06.1989
897;User897;Trier;User897pskurs.local;10.09.1963
898;User898;Oberhausen;User898pskurs.local;19.08.1986
899;User899;Bielefeld;User899pskurs.local;07.10.1983
900;User900;Lübeck;User900pskurs.local;19.04.1966
901;User901;Oberhausen;User901pskurs.local;16.03.1982
902;User902;Mainz;User902pskurs.local;18.08.1960
903;User903;Erfurt;User903pskurs.local;15.05.1966
904;User904;Erfurt;User904pskurs.local;23.10.1985
905;User905;Oldenburg (Oldb);User905pskurs.local;12.07.1984
906;User906;Fürth;User906pskurs.local;06.01.1977
907;User907;Bergisch Gladbach;User907pskurs.local;04.04.1971
908;User908;Würzburg;User908pskurs.local;06.09.1988
909;User909;Bergisch Gladbach;User909pskurs.local;14.01.1988
910;User910;Darmstadt;User910pskurs.local;14.02.1983
911;User911;Salzgitter;User911pskurs.local;18.10.1975
912;User912;Neuss;User912pskurs.local;25.08.1971
913;User913;Berlin;User913pskurs.local;11.02.1962
914;User914;Würzburg;User914pskurs.local;19.01.1968
915;User915;Bochum;User915pskurs.local;27.11.1990
916;User916;Mülheim an der Ruhr;User916pskurs.local;09.04.1970
917;User917;Münster;User917pskurs.local;25.07.1960
918;User918;Mannheim;User918pskurs.local;14.08.1965
919;User919;Salzgitter;User919pskurs.local;11.05.1986
920;User920;Hamburg;User920pskurs.local;12.08.1960
921;User921;Leipzig;User921pskurs.local;11.01.1980
922;User922;Paderborn;User922pskurs.local;02.05.1976
923;User923;Chemnitz;User923pskurs.local;31.08.1973
924;User924;Solingen;User924pskurs.local;31.05.1962
925;User925;Leipzig;User925pskurs.local;21.03.1961
926;User926;Mönchen­gladbach;User926pskurs.local;07.03.1964
927;User927;Cottbus;User927pskurs.local;29.11.1989
928;User928;Ulm;User928pskurs.local;20.08.1962
929;User929;Kiel;User929pskurs.local;03.03.1985
930;User930;Hildesheim;User930pskurs.local;06.08.1981
931;User931;Ingolstadt;User931pskurs.local;06.09.1965
932;User932;Herne;User932pskurs.local;10.12.1960
933;User933;Potsdam;User933pskurs.local;15.10.1978
934;User934;Dortmund;User934pskurs.local;16.11.1960
935;User935;Moers;User935pskurs.local;31.07.1965
936;User936;Bochum;User936pskurs.local;15.08.1987
937;User937;Gütersloh;User937pskurs.local;10.04.1968
938;User938;Regensburg;User938pskurs.local;26.02.1975
939;User939;Siegen;User939pskurs.local;10.02.1973
940;User940;Würzburg;User940pskurs.local;12.10.1979
941;User941;Ingolstadt;User941pskurs.local;12.09.1966
942;User942;Paderborn;User942pskurs.local;30.11.1975
943;User943;Bielefeld;User943pskurs.local;19.12.1973
944;User944;Bremen;User944pskurs.local;11.08.1981
945;User945;Herne;User945pskurs.local;18.01.1964
946;User946;Jena;User946pskurs.local;25.07.1970
947;User947;Lübeck;User947pskurs.local;06.09.1989
948;User948;Offenbach am Main;User948pskurs.local;18.08.1965
949;User949;Potsdam;User949pskurs.local;09.11.1985
950;User950;Darmstadt;User950pskurs.local;24.02.1969
951;User951;Heilbronn;User951pskurs.local;30.07.1966
952;User952;Siegen;User952pskurs.local;26.06.1975
953;User953;Mönchen­gladbach;User953pskurs.local;19.12.1986
954;User954;Cottbus;User954pskurs.local;31.05.1986
955;User955;Jena;User955pskurs.local;27.11.1972
956;User956;Leipzig;User956pskurs.local;20.05.1963
957;User957;Cottbus;User957pskurs.local;21.06.1969
958;User958;Ingolstadt;User958pskurs.local;06.09.1976
959;User959;Ulm;User959pskurs.local;15.10.1970
960;User960;Cottbus;User960pskurs.local;13.01.1962
961;User961;Neuss;User961pskurs.local;16.01.1985
962;User962;Solingen;User962pskurs.local;17.11.1989
963;User963;Bremer­haven;User963pskurs.local;22.01.1981
964;User964;Ludwigshafen am Rhein;User964pskurs.local;09.06.1966
965;User965;Jena;User965pskurs.local;03.06.1973
966;User966;Offenbach am Main;User966pskurs.local;27.10.1968
967;User967;Hannover;User967pskurs.local;30.08.1973
968;User968;Kiel;User968pskurs.local;01.08.1982
969;User969;Wiesbaden;User969pskurs.local;27.03.1967
970;User970;Hamm;User970pskurs.local;17.05.1978
971;User971;Leverkusen;User971pskurs.local;15.02.1973
972;User972;Braunschweig;User972pskurs.local;12.07.1984
973;User973;Mülheim an der Ruhr;User973pskurs.local;25.01.1987
974;User974;Wiesbaden;User974pskurs.local;21.01.1979
975;User975;Potsdam;User975pskurs.local;25.07.1966
976;User976;Braunschweig;User976pskurs.local;02.10.1979
977;User977;Braunschweig;User977pskurs.local;01.10.1973
978;User978;Ulm;User978pskurs.local;20.10.1988
979;User979;Mülheim an der Ruhr;User979pskurs.local;15.11.1983
980;User980;Darmstadt;User980pskurs.local;19.10.1974
981;User981;Augsburg;User981pskurs.local;29.06.1980
982;User982;Leipzig;User982pskurs.local;04.09.1967
983;User983;Reutlingen;User983pskurs.local;30.10.1982
984;User984;Leipzig;User984pskurs.local;02.09.1982
985;User985;Herne;User985pskurs.local;15.01.1965
986;User986;Siegen;User986pskurs.local;15.07.1987
987;User987;Cottbus;User987pskurs.local;05.07.1976
988;User988;Ulm;User988pskurs.local;16.11.1963
989;User989;Darmstadt;User989pskurs.local;21.07.1988
990;User990;Oldenburg (Oldb);User990pskurs.local;04.10.1984
991;User991;Fürth;User991pskurs.local;23.03.1972
992;User992;Potsdam;User992pskurs.local;06.03.1976
993;User993;Solingen;User993pskurs.local;18.06.1968
994;User994;Hannover;User994pskurs.local;05.09.1982
995;User995;Wolfsburg;User995pskurs.local;08.04.1970
996;User996;Würzburg;User996pskurs.local;29.09.1981
997;User997;Siegen;User997pskurs.local;12.08.1974
998;User998;Bielefeld;User998pskurs.local;12.06.1969
999;User999;Oldenburg (Oldb);User999pskurs.local;07.03.1967
